{"type":"Topology","arcs":[[[4076,4068],[-20,-13],[119,-51],[-13,-35],[-73,-8],[-29,31],[-95,13],[-113,19],[-50,44],[274,0]],[[1274,4068],[-38,-46],[-95,-26],[-13,14],[10,41],[11,17],[125,0]],[[776,4008],[-106,60],[132,0],[28,-25],[-8,-33],[-46,-2]],[[3828,339],[67,-8],[8,-143],[-38,-41],[-13,-96],[-38,33],[-78,-84],[-22,6],[-68,4],[-70,102],[-15,80],[-65,105],[3,54],[73,-10],[108,-41],[61,16],[87,23]],[[1427,1371],[-118,-61],[-96,-28],[-21,-63],[-41,-49],[-96,-3],[-70,-11],[-98,22],[-80,-13],[-76,-6],[-67,-63],[-32,5],[-57,-34],[-52,-38],[-81,5],[-75,0],[-119,77],[-60,23],[3,68],[55,16],[19,28],[-4,43],[14,83],[-13,71],[-59,122],[-19,68],[5,69],[-44,78],[-2,35],[-49,48],[-15,95],[-63,94],[-16,52],[49,-53],[-38,112],[56,-35],[33,-46],[-1,61],[-56,94],[-11,38],[-26,37],[13,69],[22,29],[16,60],[-13,71],[47,86],[8,-91],[47,82],[91,40],[54,52],[86,44],[49,9],[32,-15],[87,45],[68,14],[16,25],[30,11],[62,-3],[116,36],[61,53],[28,65],[66,60],[4,48],[4,66],[77,101],[48,-103],[48,24],[-40,56],[35,59],[49,-26],[13,91],[62,60],[25,46],[58,21],[1,34],[49,-14],[2,30],[49,17],[54,17],[81,-56],[62,-70],[70,-1],[72,-11],[-24,65],[52,97],[51,31],[-17,29],[49,69],[67,43],[57,-15],[94,23],[-2,62],[-82,39],[60,17],[73,-29],[59,-49],[94,-31],[31,12],[70,-37],[65,34],[42,-10],[27,23],[51,-60],[-31,-64],[-42,-48],[-39,-4],[13,-48],[-32,-60],[-39,-60],[8,-33],[89,-66],[85,-39],[58,-42],[79,-70],[32,0],[59,-31],[17,-37],[107,-41],[73,41],[22,65],[22,52],[13,66],[35,97],[-16,57],[8,35],[-13,69],[14,90],[23,24],[-18,41],[27,64],[21,65],[3,34],[41,46],[32,-59],[7,-75],[28,-15],[5,-50],[40,-62],[9,-67],[-5,-44],[40,-95],[72,46],[38,-51],[52,-46],[-11,-54],[24,-103],[17,-59],[27,-15],[31,-103],[-10,-63],[35,-81],[121,-63],[79,-57],[75,-52],[-14,-29],[63,-76],[43,-129],[45,26],[44,-52],[29,19],[19,-128],[78,-73],[52,-46],[88,-98],[30,-96],[3,-69],[-8,-73],[54,-103],[-6,-106],[-19,-56],[-31,-107],[2,-69],[-22,-86],[-50,-109],[-82,-59],[-40,-94],[-38,-58],[-32,-104],[-43,-60],[-28,-90],[-15,-83],[5,-38],[-63,-41],[-124,-4],[-104,-50],[-51,-47],[-68,-51],[-92,53],[-68,21],[17,63],[-60,-23],[-97,-87],[-97,33],[-64,19],[-63,8],[-108,35],[-72,74],[-21,91],[-25,61],[-56,48],[-106,15],[36,58],[-27,90],[-54,-84],[-100,-22],[59,67],[16,70],[45,58],[-10,89],[-91,-103],[-70,-40],[-42,-96],[-88,50],[5,63],[-70,87],[-59,45],[21,28],[-143,72],[-78,4],[-108,58],[-199,-11],[-144,-43],[-127,-40],[-107,8]]],"transform":{"scale":[0.008974913906673982,0.008326939135948005],"translate":[113.33703102095802,-43.63220052737078]},"objects":{"ne_110m_admin_0_countries":{"type":"GeometryCollection","geometries":[{"arcs":[[0]],"type":"Polygon","properties":{"featurecla":"Admin-0 country","scalerank":1,"LABELRANK":2,"SOVEREIGNT":"Papua New Guinea","SOV_A3":"PNG","ADM0_DIF":0,"LEVEL":2,"TYPE":"Sovereign country","ADMIN":"Papua New Guinea","ADM0_A3":"PNG","GEOU_DIF":0,"GEOUNIT":"Papua New Guinea","GU_A3":"PNG","SU_DIF":1,"SUBUNIT":"Papua New Guinea","SU_A3":"PN1","BRK_DIFF":0,"NAME":"Papua New Guinea","NAME_LONG":"Papua New Guinea","BRK_A3":"PN1","BRK_NAME":"Papua New Guinea","BRK_GROUP":"","ABBREV":"P.N.G.","POSTAL":"PG","FORMAL_EN":"Independent State of Papua New Guinea","FORMAL_FR":"","NAME_CIAWF":"Papua New Guinea","NOTE_ADM0":"","NOTE_BRK":"","NAME_SORT":"Papua New Guinea","NAME_ALT":"","MAPCOLOR7":4,"MAPCOLOR8":2,"MAPCOLOR9":3,"MAPCOLOR13":1,"POP_EST":6909701,"POP_RANK":13,"GDP_MD_EST":28020,"POP_YEAR":2017,"LASTCENSUS":2000,"GDP_YEAR":2016,"ECONOMY":"6. Developing region","INCOME_GRP":"4. Lower middle income","WIKIPEDIA":-99,"FIPS_10_":"PP","ISO_A2":"PG","ISO_A3":"PNG","ISO_A3_EH":"PNG","ISO_N3":"598","UN_A3":"598","WB_A2":"PG","WB_A3":"PNG","WOE_ID":23424926,"WOE_ID_EH":23424926,"WOE_NOTE":"Exact WOE match as country","ADM0_A3_IS":"PNG","ADM0_A3_US":"PNG","ADM0_A3_UN":-99,"ADM0_A3_WB":-99,"CONTINENT":"Oceania","REGION_UN":"Oceania","SUBREGION":"Melanesia","REGION_WB":"East Asia & Pacific","NAME_LEN":16,"LONG_LEN":16,"ABBREV_LEN":6,"TINY":-99,"HOMEPART":1,"MIN_ZOOM":0,"MIN_LABEL":2.5,"MAX_LABEL":7.5,"NE_ID":1159321173,"WIKIDATAID":"Q691","NAME_AR":"بابوا غينيا الجديدة","NAME_BN":"পাপুয়া নিউগিনি","NAME_DE":"Papua-Neuguinea","NAME_EN":"Papua New Guinea","NAME_ES":"Papúa Nueva Guinea","NAME_FR":"Papouasie-Nouvelle-Guinée","NAME_EL":"Παπούα Νέα Γουινέα","NAME_HI":"पापुआ न्यू गिनी","NAME_HU":"Pápua Új-Guinea","NAME_ID":"Papua Nugini","NAME_IT":"Papua Nuova Guinea","NAME_JA":"パプアニューギニア","NAME_KO":"파푸아뉴기니","NAME_NL":"Papoea-Nieuw-Guinea","NAME_PL":"Papua-Nowa Gwinea","NAME_PT":"Papua-Nova Guiné","NAME_RU":"Папуа-Новая Гвинея","NAME_SV":"Papua Nya Guinea","NAME_TR":"Papua Yeni Gine","NAME_VI":"Papua New Guinea","NAME_ZH":"巴布亚新几内亚"}},{"arcs":[[[1]],[[2]]],"type":"MultiPolygon","properties":{"featurecla":"Admin-0 country","scalerank":1,"LABELRANK":2,"SOVEREIGNT":"Indonesia","SOV_A3":"IDN","ADM0_DIF":0,"LEVEL":2,"TYPE":"Sovereign country","ADMIN":"Indonesia","ADM0_A3":"IDN","GEOU_DIF":0,"GEOUNIT":"Indonesia","GU_A3":"IDN","SU_DIF":0,"SUBUNIT":"Indonesia","SU_A3":"IDN","BRK_DIFF":0,"NAME":"Indonesia","NAME_LONG":"Indonesia","BRK_A3":"IDN","BRK_NAME":"Indonesia","BRK_GROUP":"","ABBREV":"Indo.","POSTAL":"INDO","FORMAL_EN":"Republic of Indonesia","FORMAL_FR":"","NAME_CIAWF":"Indonesia","NOTE_ADM0":"","NOTE_BRK":"","NAME_SORT":"Indonesia","NAME_ALT":"","MAPCOLOR7":6,"MAPCOLOR8":6,"MAPCOLOR9":6,"MAPCOLOR13":11,"POP_EST":260580739,"POP_RANK":17,"GDP_MD_EST":3028000,"POP_YEAR":2017,"LASTCENSUS":2010,"GDP_YEAR":2016,"ECONOMY":"4. Emerging region: MIKT","INCOME_GRP":"4. Lower middle income","WIKIPEDIA":-99,"FIPS_10_":"ID","ISO_A2":"ID","ISO_A3":"IDN","ISO_A3_EH":"IDN","ISO_N3":"360","UN_A3":"360","WB_A2":"ID","WB_A3":"IDN","WOE_ID":23424846,"WOE_ID_EH":23424846,"WOE_NOTE":"Exact WOE match as country","ADM0_A3_IS":"IDN","ADM0_A3_US":"IDN","ADM0_A3_UN":-99,"ADM0_A3_WB":-99,"CONTINENT":"Asia","REGION_UN":"Asia","SUBREGION":"South-Eastern Asia","REGION_WB":"East Asia & Pacific","NAME_LEN":9,"LONG_LEN":9,"ABBREV_LEN":5,"TINY":-99,"HOMEPART":1,"MIN_ZOOM":0,"MIN_LABEL":1.7,"MAX_LABEL":6.7,"NE_ID":1159320845,"WIKIDATAID":"Q252","NAME_AR":"إندونيسيا","NAME_BN":"ইন্দোনেশিয়া","NAME_DE":"Indonesien","NAME_EN":"Indonesia","NAME_ES":"Indonesia","NAME_FR":"Indonésie","NAME_EL":"Ινδονησία","NAME_HI":"इंडोनेशिया","NAME_HU":"Indonézia","NAME_ID":"Indonesia","NAME_IT":"Indonesia","NAME_JA":"インドネシア","NAME_KO":"인도네시아","NAME_NL":"Indonesië","NAME_PL":"Indonezja","NAME_PT":"Indonésia","NAME_RU":"Индонезия","NAME_SV":"Indonesien","NAME_TR":"Endonezya","NAME_VI":"Indonesia","NAME_ZH":"印度尼西亚"}},{"arcs":[[[3]],[[4]]],"type":"MultiPolygon","properties":{"featurecla":"Admin-0 country","scalerank":1,"LABELRANK":2,"SOVEREIGNT":"Australia","SOV_A3":"AU1","ADM0_DIF":1,"LEVEL":2,"TYPE":"Country","ADMIN":"Australia","ADM0_A3":"AUS","GEOU_DIF":0,"GEOUNIT":"Australia","GU_A3":"AUS","SU_DIF":0,"SUBUNIT":"Australia","SU_A3":"AUS","BRK_DIFF":0,"NAME":"Australia","NAME_LONG":"Australia","BRK_A3":"AUS","BRK_NAME":"Australia","BRK_GROUP":"","ABBREV":"Auz.","POSTAL":"AU","FORMAL_EN":"Commonwealth of Australia","FORMAL_FR":"","NAME_CIAWF":"Australia","NOTE_ADM0":"","NOTE_BRK":"","NAME_SORT":"Australia","NAME_ALT":"","MAPCOLOR7":1,"MAPCOLOR8":2,"MAPCOLOR9":2,"MAPCOLOR13":7,"POP_EST":23232413,"POP_RANK":15,"GDP_MD_EST":1189000,"POP_YEAR":2017,"LASTCENSUS":2006,"GDP_YEAR":2016,"ECONOMY":"2. Developed region: nonG7","INCOME_GRP":"1. High income: OECD","WIKIPEDIA":-99,"FIPS_10_":"AS","ISO_A2":"AU","ISO_A3":"AUS","ISO_A3_EH":"AUS","ISO_N3":"036","UN_A3":"036","WB_A2":"AU","WB_A3":"AUS","WOE_ID":-90,"WOE_ID_EH":23424748,"WOE_NOTE":"Includes Ashmore and Cartier Islands (23424749) and Coral Sea Islands (23424790).","ADM0_A3_IS":"AUS","ADM0_A3_US":"AUS","ADM0_A3_UN":-99,"ADM0_A3_WB":-99,"CONTINENT":"Oceania","REGION_UN":"Oceania","SUBREGION":"Australia and New Zealand","REGION_WB":"East Asia & Pacific","NAME_LEN":9,"LONG_LEN":9,"ABBREV_LEN":4,"TINY":-99,"HOMEPART":1,"MIN_ZOOM":0,"MIN_LABEL":1.7,"MAX_LABEL":5.7,"NE_ID":1159320355,"WIKIDATAID":"Q408","NAME_AR":"أستراليا",